avg_sleep_hours,sleep_midpoint_minutes,prior_gpa,underrepresented,first_generation,term_gpa
-0.535676156801099,1.513907520979736,1.3384603931802963,0.0,0.0,3.76
0.1857504399262324,-0.5491453215817397,1.3384603931802963,0.0,0.0,3.55
-2.8300492677044136,0.0179011628438929,-1.2536575567357595,1.0,0.0,3.59
0.2803637640871939,1.9798526942287056,0.8200368031970847,0.0,0.0,3.46
0.2094037709664722,-0.6297333232442972,-0.8129975052500303,1.0,0.0,3.5
-0.9969161120857856,2.114654442464256,-2.246438731553609,1.0,1.0,2.54
-1.127009432807108,1.3996190822582903,-0.2168103767693374,0.0,0.0,3.5
0.3394970916877946,1.03037951100439,-2.246438731553609,1.0,0.0,2.49
-0.322796177438936,0.7300060502621298,-1.7980023262181313,0.0,0.0,3.37
0.6469903952109191,1.094849912334436,1.3384603931802963,0.0,0.0,3.61
-0.7840361327236227,0.505824882000833,1.3384603931802963,0.0,0.0,3.44
0.9899636952944044,-1.892767094755655,1.3384603931802963,1.0,1.0,3.81
0.0911371157652708,0.6933751404155127,0.7941156236979248,0.0,0.0,4.0
-0.5829828188815798,0.4149802255812227,0.2238496747163919,0.0,0.0,3.81
-0.6066361499218196,0.1351200743530677,0.5608250082054801,0.0,0.0,3.57
1.1437103470559666,0.5439210282413152,1.3384603931802963,0.0,0.0,4.0
-1.316236081129031,2.2597128454568605,-1.4610269927290442,0.0,0.0,3.12
0.1857504399262324,-0.0817349119389057,0.6645097262021223,0.0,0.0,3.81
-0.925956118965065,-0.697134197362073,-0.5019433512601033,0.0,0.0,3.39
-0.7840361327236227,0.7988721607737699,0.275692033714713,0.0,0.0,3.38
1.1437103470559666,-1.2964158824527283,-0.0094409407760527,0.0,0.0,2.98
-1.9430493536954,0.2640608770131601,1.3384603931802963,0.0,0.0,4.0
-1.067876105206507,1.4142714461969372,-1.0722093002416362,0.0,0.0,4.0
-0.4055828360797766,1.1212241674240004,-0.0094409407760527,0.0,0.0,3.46
0.0083504571244292,1.549073194432488,1.3384603931802963,0.0,0.0,4.0
0.2803637640871939,0.9087648903136212,0.7422732646996035,0.0,0.0,3.57
0.4932437434493569,0.0765106185984803,-0.6833916077542268,0.0,0.0,3.58
-2.2505426572185256,2.401840775661734,0.8459579826962459,0.0,0.0,3.56
0.5523770710499576,-0.3191032077449843,0.6645097262021223,0.0,0.0,3.81
-1.1624894293674688,0.4017930980364401,-0.2168103767693374,0.0,0.0,3.81
-0.7012494740827812,0.2640608770131601,0.8200368031970847,0.0,0.0,3.61
0.5878570676103184,1.326357262565056,0.7163520852004424,0.0,0.0,3.72
0.0083504571244292,-0.327894626108172,0.3016132132138742,0.0,0.0,4.0
0.3276704261676747,0.1614943294426322,0.7941156236979248,0.0,0.0,3.0
-1.127009432807108,1.3512662812607557,0.1979284952172318,0.0,0.0,3.59
-0.4647161636803773,-0.1989538234480804,-0.5019433512601033,0.0,0.0,3.28
1.084577019455366,0.1483072018978503,1.3384603931802963,0.0,0.0,4.0
-1.8957426916149205,1.307309189444815,0.249770854215553,0.0,0.0,3.24
-2.6408226193824915,1.9945050581673525,-0.709312787253388,0.0,0.0,3.05
-0.0507828704761714,-0.7938397993571418,1.3384603931802963,0.0,0.0,4.0
-2.2505426572185256,2.401840775661734,0.3016132132138742,0.0,0.0,2.49
-0.2400095187980944,-0.4099478641645946,-0.9426034027458328,0.0,0.0,3.6
0.5405504055298377,-0.3381512808652254,0.8459579826962459,0.0,0.0,3.59
-1.1033561017668672,0.1834728753506024,0.0164802387231083,0.0,0.0,3.6
-0.937782784485185,2.104397787707204,-2.1608988392063795,0.0,0.0,3.49
0.0674837847250299,0.1292591287776093,-0.6056280692567456,0.0,0.0,2.49
0.1857504399262324,-0.1711143319646509,0.0942437772205895,0.0,0.0,3.45
0.2212304364865922,0.2113123668340311,-1.6165540697240075,0.0,0.0,3.78
-1.2097960914479498,1.1739726776031294,0.7681944441987636,0.0,0.0,3.8
-3.5041692023512643,-0.0070078558518064,-1.8239235057172924,1.0,0.0,2.49
1.652256964421134,-0.7000646701498022,1.3384603931802963,0.0,0.0,4.0
0.2803637640871939,-0.8978715833215346,1.3384603931802963,0.0,0.0,4.0
0.6115103986505582,-0.5183753573105809,0.5349038287063189,0.0,0.0,3.76
-1.9785293502557608,1.0230533290350667,1.3384603931802963,0.0,1.0,4.0
0.469590412409116,0.8223159430756051,1.3384603931802963,0.0,0.0,3.53
-0.9141294534449452,1.1666464956338058,0.1720073157180707,0.0,0.0,2.6
-0.0862628670365322,0.0706496730230219,1.3384603931802963,0.0,0.0,4.0
0.67064372625116,0.7124232135357538,1.3384603931802963,0.0,0.0,3.42
-0.535676156801099,2.401840775661734,0.2238496747163919,0.0,0.0,3.0
0.5996837331304383,0.0603930182659693,1.3384603931802963,0.0,0.0,4.0
-0.973262781045546,1.9945050581673525,0.8200368031970847,0.0,0.0,3.59
-0.0744362015164123,-0.0538954204554762,0.7681944441987636,0.0,0.0,3.81
0.0083504571244292,0.2054514212585727,0.1979284952172318,0.0,0.0,4.0
0.5878570676103184,0.8838558716179217,0.8200368031970847,0.0,0.0,4.0
0.2094037709664722,-0.7073908521191257,-2.246438731553609,1.0,0.0,2.84
0.469590412409116,-0.972598639408633,0.7422732646996035,0.0,0.0,3.79
-0.1808761911974938,0.0281578176009456,1.3384603931802963,0.0,0.0,4.0
-2.901009260825135,2.401840775661734,0.249770854215553,0.0,1.0,2.55
-1.5054627294509542,1.094849912334436,1.3384603931802963,1.0,1.0,3.63
0.6115103986505582,1.185694568754046,-2.246438731553609,0.0,0.0,2.79
0.3631504227280345,0.5131510639701564,-0.8129975052500303,0.0,0.0,2.8
-1.6473827156923957,0.0735801458107511,-1.3054999157340808,0.0,1.0,3.28
1.1791903436163274,2.0282054952262394,-2.246438731553609,1.0,0.0,2.49
0.1620971088859915,0.6699313581136774,0.0942437772205895,0.0,0.0,3.57
0.3158437606475537,0.1541681474733088,-1.2536575567357595,0.0,0.0,3.53
0.3394970916877946,0.4091192800057635,0.8200368031970847,0.0,0.0,4.0
0.9426570332139236,0.4223064075505461,-0.7456024385522122,0.0,0.0,3.9
3.745576761482406,-0.2443761516578851,-0.4215876948127052,0.0,1.0,3.833
0.9899636952944044,-0.3615950631670598,0.7344969108498551,0.0,0.0,3.5
0.1857504399262324,-0.5579367399449281,-0.1468231921216035,0.0,1.0,3.477
1.1673636780962076,-0.4714877927069112,0.3016132132138742,0.0,0.0,3.128
-0.7012494740827812,-1.56894985171156,1.1388673110367602,0.0,0.0,4.0
-0.523849491280979,-0.0993177486652817,0.1849679054676518,0.0,0.0,3.569
0.1502704433658716,0.1336548379592035,0.2834683875644615,0.0,0.0,3.533
2.3855102266685866,-0.7923745629632776,0.127941310569498,0.0,0.0,3.9
1.9006169403436588,-2.004125060689371,0.6800624339016181,0.0,0.0,3.9
0.268537098567073,-0.6956689609682081,-0.5641541820580886,0.0,1.0,3.1
-2.427942640020328,-1.1923840984883356,-1.556935356875938,0.0,0.0,2.75
1.9124436058637788,-1.3447686834502632,-0.8596556283485187,0.0,0.0,3.1
0.9308303676938036,-1.2055712260331184,-1.4739875824786244,0.0,0.0,2.933
-0.2991428463986951,1.1769031503908585,-0.0820202433737024,0.0,0.0,3.8
1.3802436574583703,-0.0656173116063938,-1.4688033465787929,0.0,0.0,2.49
0.8243903780127222,-1.0297428587693562,0.6774703159517024,0.0,0.0,3.838
0.8125637124926013,0.1263286559898801,-0.3827059255639651,0.0,0.0,3.933
1.2264970056968083,-1.6978906543716517,1.3384603931802963,0.0,0.0,4.0
0.1502704433658716,-0.4949315750087464,-0.7870763257508692,0.0,1.0,3.5
-0.0153028739158105,0.2025209484708435,-2.246438731553609,0.0,1.0,2.992
-0.1690495256773728,-1.4136347939619034,0.6671018441520381,0.0,1.0,3.479
0.859870374573082,-0.7616045986921188,0.1253491926195822,0.0,0.0,3.6
0.7179503883316408,-0.7865136173878183,0.5608250082054801,0.0,1.0,3.193
0.7061237228115198,0.3006917868597772,1.035182593040118,0.0,0.0,3.9
-0.5120228257608581,1.4084105006214789,-0.0431384741249612,0.0,0.0,3.608
0.5523770710499576,-0.9213153656233692,0.8200368031970847,0.0,1.0,3.95
-0.0507828704761714,-0.5022577569780698,0.5608250082054801,0.0,1.0,3.867
1.4157236540187312,1.1270851129994588,-0.9270506950463367,1.0,1.0,2.729
-0.949609450005305,-0.9696681666209038,1.234775675183654,0.0,0.0,3.767
-1.3517160776893908,1.4699504291637953,0.4364033466095092,0.0,0.0,3.344
-1.1861427604077088,0.5981347748143082,0.9937087058414608,0.0,0.0,3.567
-1.3517160776893908,-0.1139701126039285,0.3716003978616069,0.0,1.0,3.5
0.05565711920491,2.047253568346481,-0.2245867306190859,0.0,0.0,3.564
0.3040170951274338,-1.0722347141914317,0.3016132132138742,0.0,1.0,3.436
-0.6894228085626612,1.6340569052766398,0.7111678493006108,1.0,0.0,3.833
0.0438304536847901,2.401840775661734,-1.0385117668927264,0.0,0.0,2.49
-2.794569271144054,2.401840775661734,-0.356784746064804,1.0,0.0,2.5
0.8125637124926013,-0.3865040818627593,-0.7352339667525479,0.0,0.0,3.038
2.2435902404271437,-1.1205875151889664,0.2575472080653015,0.0,0.0,3.55
-0.1808761911974938,-0.3528036448038723,0.3767846337614396,1.0,1.0,3.467
0.4932437434493569,2.401840775661734,0.7681944441987636,1.0,0.0,3.267
0.8835237056133229,0.1028848736880448,0.8641028083456586,0.0,0.0,3.933
0.1029637812853908,-0.8011659813264651,1.112946131537599,0.0,0.0,3.85
0.6469903952109191,-1.1601488978233128,0.1175728387698337,1.0,0.0,3.654
-1.363542743209512,0.4970334636376445,-1.411776751680639,1.0,0.0,2.49
0.4104570848085153,-1.0517214046773264,1.3384603931802963,0.0,0.0,3.973
0.68247039177128,1.188625041541776,0.5608250082054801,0.0,0.0,3.623
1.7705236196223355,-1.3345120286932106,0.8718791621954058,0.0,0.0,3.669
0.7297770538517607,-0.6648989966970493,0.5245353569066546,0.0,0.0,3.336
0.2212304364865922,0.0032487989052461,0.0424014182222683,0.0,1.0,3.467
0.6469903952109191,0.5820171744817964,0.4312191107096765,0.0,1.0,3.528
0.0201771226445492,-0.7791874354184949,0.8122604493473374,0.0,1.0,3.667
-0.3937561705596567,0.3886059704916582,0.7785629159984278,0.0,1.0,3.754
-0.0626095359962913,-1.0678390050098374,0.0112960028232756,0.0,1.0,3.647
0.2212304364865922,-1.4590571221717088,0.6904309057012824,0.0,0.0,3.875
0.7652570504121204,-0.0421735293045585,0.1486782541688265,0.0,0.0,3.233
0.0320037881646701,-0.8290054728098947,-0.2816133255172386,0.0,1.0,2.49
0.4932437434493569,-1.633420253041606,-0.1286783664721908,1.0,1.0,3.483
-0.5475028223212189,-0.5652629219142515,0.8692870442454901,0.0,0.0,3.753
1.7468702885820957,-1.2114321716085767,-1.0540644745922234,0.0,0.0,3.231
1.7350436230619757,1.4655547199822012,0.9677875263423008,0.0,0.0,3.95
1.9597502679442584,-1.4209609759312267,1.0896170699883547,0.0,0.0,3.9
-0.1453961946371329,-0.6048243045485978,0.5426801825560673,1.0,0.0,3.533
0.1975771054463523,2.369605574996712,-0.2919817973169028,0.0,1.0,3.967
0.05565711920491,-0.1696490955707867,0.27828415166463,0.0,0.0,3.367
1.9715769334643785,1.6252654869134513,-2.246438731553609,1.0,0.0,3.9
-0.2754895153584553,-1.023881913193897,1.115538249487516,0.0,0.0,4.0
0.1620971088859915,-0.9081282380785872,0.1072043669701695,1.0,1.0,3.4
-2.0849693399368423,2.401840775661734,-0.0612832997743739,1.0,0.0,3.567
2.0070569300247403,0.8193854702878751,-0.6056280692567456,0.0,1.0,3.077
-0.523849491280979,-0.9667376938331746,-0.4371404025122021,0.0,0.0,3.721
1.1318836815358466,0.7798240876535287,-0.5278645307592644,1.0,0.0,3.5
-0.8195161292839837,0.1805424025628732,-0.2686527357676586,1.0,0.0,3.5
-0.334622842959056,2.401840775661734,-0.1753364895706805,0.0,0.0,3.233
0.5168970744895968,-1.114726569613508,0.4960220594575777,0.0,0.0,3.538
-0.133569529117013,-0.450974483192806,-0.3412320383653082,0.0,1.0,2.691
-0.2045295222377336,-1.4356133398698736,-0.1131256587726951,0.0,0.0,3.5
0.2094037709664722,0.0530668362966459,-2.246438731553609,0.0,0.0,3.464
1.6759102954613738,0.2831089501334011,-0.4086271050631251,0.0,0.0,3.033
0.4222837503286362,-0.4114131005584596,-0.9659324642950768,1.0,0.0,3.2
-0.5829828188815798,1.5051161026165474,-0.5304566487091802,0.0,1.0,3.767
0.2212304364865922,-1.1220527515828316,1.027406239190369,0.0,0.0,3.962
-0.7485561361632619,-0.7513479439350662,0.3586398081120269,1.0,0.0,3.592
0.2921904296073139,-1.670051162888223,0.9937087058414608,0.0,0.0,3.967
2.255416905947263,-1.9411198957531897,1.1233146033372632,0.0,0.0,3.9
0.6469903952109191,-1.1337746427337485,-2.246438731553609,1.0,1.0,3.446
1.1910170091364474,-0.4905358658271522,0.5608250082054801,0.0,0.0,3.933
-0.0862628670365322,-0.0963872758775525,0.4571402902088377,1.0,1.0,3.533
-0.2281828532779745,2.0970716057378804,0.750049618549352,0.0,0.0,3.867
0.8835237056133229,-0.3440122264406838,0.8278131570468332,0.0,0.0,3.944
1.072750353935246,-1.183592680125148,-0.3904822794137125,0.0,0.0,2.533
1.0254436918547651,-0.2341194969008325,1.3047628598313878,0.0,0.0,3.917
-1.2216227569680695,-0.4641616107375877,-0.330863566565644,0.0,1.0,2.871
0.5168970744895968,1.373244827168726,-0.6341413667058226,0.0,0.0,3.633
-0.0980895325566521,-0.555006267157198,1.221815085434074,0.0,0.0,3.964
-0.5593294878413388,-0.9887162397411448,-2.031292941710576,1.0,1.0,3.0
-0.5829828188815798,-0.2106757145989972,-1.5128693517273657,1.0,1.0,3.15
-0.0862628670365322,-1.1337746427337485,0.249770854215553,0.0,0.0,3.967
0.0911371157652708,0.1116762920512332,-0.3464162742651397,0.0,1.0,3.769
0.1857504399262324,0.0281578176009456,1.115538249487516,0.0,0.0,3.953
-0.9969161120857856,0.5615038649676911,0.3249422747631184,0.0,0.0,3.441
-0.7012494740827812,1.0875237303651124,-0.0638754177242897,0.0,0.0,3.55
-0.6421161464821805,-1.026812385981627,-1.017774823293398,0.0,0.0,2.9
-2.155929333057564,0.870668744073139,-0.1623758998211005,1.0,0.0,2.919
1.1437103470559666,0.5966695384204432,0.5841540697547243,0.0,0.0,3.443
1.5339903092199327,0.7109579771418888,1.0714722443389422,0.0,1.0,4.0
0.7652570504121204,-0.6018938317608686,0.628220074903297,0.0,0.0,3.733
0.6942970572913999,-0.9315720203804224,1.0611037725392778,0.0,0.0,3.833
0.0438304536847901,0.4120497527934935,0.6126673672038012,0.0,0.0,3.567
1.463030316099212,-1.3652819929643685,0.1564546080185749,1.0,1.0,3.518
1.7705236196223355,-1.6773773448575464,0.8200368031970847,0.0,0.0,3.767
1.250150336737048,-0.905197765290858,-0.4319561666123694,0.0,0.0,3.233
0.1502704433658716,2.401840775661734,-2.246438731553609,0.0,1.0,3.377
0.3158437606475537,-0.2941941890492849,0.6904309057012824,0.0,0.0,3.744
-0.4410628326401374,0.3270660419493417,-2.246438731553609,0.0,1.0,2.871
-1.339889412169271,2.401840775661734,-0.5537857102584245,0.0,0.0,2.894
0.6469903952109191,-1.4737094861103557,1.3384603931802963,0.0,0.0,3.967
0.9899636952944044,-1.1997102804576592,-2.192004254605372,1.0,0.0,3.483
-0.5711561533614599,2.061905932285128,-1.5128693517273657,0.0,0.0,3.267
-0.8668227913644644,1.1622507864522116,1.029998357140285,0.0,0.0,4.0
-0.1690495256773728,-0.4333916464664299,1.027406239190369,0.0,0.0,3.667
0.4341104158487562,-0.346942699228413,1.1466436648865086,0.0,1.0,3.889
0.7416037193718806,-1.130844169946019,0.4182585209600966,0.0,0.0,3.831
-0.1690495256773728,-0.1857666959032977,-0.4760221717609433,1.0,0.0,3.4
-0.4528894981602574,-0.2282585513253741,1.1077618956377675,0.0,0.0,3.8
1.7468702885820957,0.4120497527934935,0.1201649567197495,0.0,0.0,3.733
0.1384437778457516,-1.022416676800033,-2.246438731553609,0.0,0.0,2.867
0.3276704261676747,-0.2385152060824267,0.2679156798649657,1.0,1.0,3.65
0.1266171123256317,0.4897072816683211,-1.2977235618843324,1.0,0.0,2.933
0.7534303848920005,0.5424557918474501,-0.7352339667525479,0.0,0.0,2.9
0.7889103814523614,-1.1513574794601251,-1.046288120742475,0.0,0.0,3.633
-0.121742863596893,-0.0055426194579414,-1.9327924596137664,0.0,1.0,2.49
-0.0744362015164123,2.401840775661734,1.0429589468898663,0.0,0.0,3.867
1.5339903092199327,-1.3154639555729697,0.8200368031970847,0.0,0.0,3.767
-0.902302787924824,-0.3029856074124725,0.5141668851069904,1.0,1.0,3.95
0.8362170435328422,-1.7125430183102983,0.3249422747631184,0.0,1.0,3.731
-0.6894228085626612,-1.1337746427337485,-1.388447690131395,0.0,1.0,2.64
0.7416037193718806,-0.0407082929106943,0.7552338544491836,0.0,1.0,3.92
0.4814170779292369,-0.6048243045485978,0.9885244699416292,0.0,0.0,3.87
0.7297770538517607,-1.089817550917808,-0.0664675356742054,0.0,0.0,3.29
-0.1453961946371329,-0.9066630016847222,-0.4941669974103548,0.0,0.0,3.76
-0.2636628498383343,-1.0795608961607552,-1.4610269927290442,0.0,0.0,3.52
0.4459370813688761,-0.0568258932432054,-0.385298043513881,0.0,0.0,3.63
0.3276704261676747,0.5160815367578856,-1.1292358951397887,1.0,1.0,3.67
0.1739237744061114,0.993748601157773,-1.3625265106322335,0.0,0.0,2.8
1.238323671216928,0.4076540436118993,-2.2257017879542804,0.0,0.0,3.0
-0.8668227913644644,0.245012803892919,-1.2251442592866828,0.0,1.0,3.39
-0.937782784485185,-0.745486998359607,0.9133530493940628,0.0,1.0,3.85
0.3394970916877946,-0.1608576772075983,-1.1240516592399572,0.0,0.0,3.25
-0.7958627982437427,0.2230342579849487,-1.7150545518208171,0.0,0.0,2.68
0.2803637640871939,0.7065622679602945,-0.0742438895239539,1.0,1.0,2.97
0.3040170951274338,-0.5989633589731386,0.5504565364058158,0.0,0.0,3.84
1.7350436230619757,-0.9799248213779564,0.5660092441053116,0.0,0.0,3.79
1.5931236368205337,-0.4040869185891362,-1.6035934799744267,0.0,0.0,3.51
0.4222837503286362,-1.0194862040123036,0.8641028083456586,0.0,0.0,3.67
1.1555370125760869,-2.196071028285645,-1.0488802386923908,0.0,0.0,3.35
0.7061237228115198,0.2743175317702127,-0.2038497870197574,0.0,0.0,3.04
0.0911371157652708,2.1556810614924675,0.5323117107564032,1.0,0.0,3.89
0.0911371157652708,-0.3645255359547891,-1.6995018441213217,0.0,0.0,3.0
-0.5120228257608581,-1.5059446867753783,0.8796555160451544,0.0,0.0,3.95
-1.4581560673704734,-0.8260750000221646,0.2238496747163919,0.0,0.0,3.63
0.6115103986505582,-1.5367146510465364,0.628220074903297,0.0,0.0,3.59
0.9544836987340436,-2.0275688429912058,-0.8389186847491903,0.0,1.0,3.53
-0.949609450005305,0.3886059704916582,-1.3054999157340808,0.0,0.0,3.07
0.7534303848920005,-1.2949506460588636,0.7552338544491836,0.0,0.0,3.7
1.0254436918547651,-1.1938493348822006,0.0449935361721841,0.0,0.0,3.47
-0.1808761911974938,0.8721339804670041,-1.3910398080813104,0.0,0.0,3.33
1.7586969541022155,-1.0048338400736567,-0.9996299976439864,1.0,0.0,3.3
0.7889103814523614,-0.7235084524516368,0.8278131570468332,0.0,0.0,3.76
-0.6066361499218196,-0.2385152060824267,-0.4371404025122021,0.0,0.0,3.9
1.3684169919382505,-1.7858048380035327,-0.1442310741716878,0.0,0.0,3.28
0.2330571020067132,-1.2978811188465935,-0.8518792744987714,0.0,0.0,3.41
2.681176864671591,-1.545506069409725,1.1777490802855013,0.0,0.0,3.8
-0.6775961430425413,-0.8143531088712478,-0.5615620641081729,0.0,0.0,3.84
1.1555370125760869,-1.3169291919668338,1.027406239190369,0.0,0.0,3.78
0.3040170951274338,-1.0971437328871312,-0.5797068897575857,0.0,0.0,3.23
1.9834035989845005,0.5424557918474501,-0.3982586332634609,0.0,0.0,3.59
-0.5001961602407382,-0.3615950631670598,1.1233146033372632,0.0,0.0,4.0
0.1029637812853908,-0.5960328861854094,0.7137599672505266,0.0,0.0,3.43
0.7061237228115198,1.4069452642276137,-2.246438731553609,0.0,0.0,3.83
0.0674837847250299,-0.8246097636283004,0.788931387798092,0.0,0.0,3.91
-0.7485561361632619,-0.0231254561843183,0.615259485153717,0.0,0.0,3.77
1.2856303332974088,-1.423891448718956,0.58674618770464,0.0,0.0,3.45
0.9663103642541644,-0.4744182654946404,-0.9166822232466726,0.0,1.0,3.0
0.7061237228115198,0.93660438179705,0.641180664652877,1.0,0.0,3.95
0.4814170779292369,0.6479528122057072,-1.1447886028392855,1.0,1.0,3.53
0.7770837159322415,0.2406170947113248,0.2238496747163919,0.0,0.0,3.49
2.196283578346663,-1.8737190216354136,0.1616388439184065,0.0,0.0,3.46
-1.1979694259278286,0.5527124466045027,-2.246438731553609,0.0,0.0,2.49
-0.1690495256773728,-0.7616045986921188,-0.6289571308059898,0.0,0.0,3.59
-0.0389562049560514,-0.3366860444713604,0.5608250082054801,0.0,1.0,3.32
0.6233370641706792,0.1043501100819098,0.4726929979083334,0.0,0.0,3.7
-1.1979694259278286,-0.2399804424762909,-1.1758940182382784,1.0,0.0,2.49
-0.3582761739992958,0.9761657644313968,-0.4241798127626221,0.0,0.0,3.13
-0.7249028051230221,-0.3220336805327136,-2.246438731553609,1.0,1.0,2.54
-0.0153028739158105,0.1600290930487672,0.7681944441987636,0.0,0.0,3.8
-1.2097960914479498,-1.007764312861386,-0.8466950385989388,0.0,1.0,2.9
0.3749770882481555,-0.8040964541141944,-0.7326418488026322,0.0,1.0,3.62
1.6049503023406544,0.4706592085480809,-1.6917254902715733,1.0,0.0,3.08
-3.989062488676192,-0.9799248213779564,-1.3910398080813104,0.0,0.0,2.49
-0.5120228257608581,0.6596747033566248,-0.6004438333569141,0.0,0.0,3.93
0.8125637124926013,-0.260493751990397,0.1305334285194138,0.0,1.0,3.72
0.8007370469724814,0.0765106185984803,0.2057048490669803,0.0,1.0,4.0
0.3868037537682754,0.8911820535872451,-0.4371404025122021,0.0,0.0,3.53
-0.523849491280979,-0.4304611736786998,0.4415875825093407,0.0,0.0,3.3
0.8125637124926013,-1.220223589971765,0.8666949262955743,0.0,1.0,3.63
-0.1927028567176137,-0.8612406734749175,0.4908378235577462,0.0,0.0,4.0
-0.2636628498383343,-0.1989538234480804,-1.3547501567824862,1.0,1.0,3.45
-0.0034762083956906,-0.5359581940369578,-0.3516005101649724,0.0,0.0,3.71
0.3986304192883953,1.7146449069391974,1.3384603931802963,0.0,0.0,3.97
-0.6421161464821805,-0.3337555716836312,-0.6056280692567456,0.0,0.0,3.27
-0.4647161636803773,-0.4143435733461889,-2.246438731553609,0.0,1.0,2.57
1.3684169919382505,-1.2378064266981412,1.1440515469365915,0.0,0.0,4.0
0.469590412409116,-0.8934758741399405,-0.00425670487622,0.0,1.0,3.33
1.072750353935246,-0.6531771055461325,-0.696352197503808,0.0,0.0,2.99
0.7061237228115198,0.3417184058879885,-0.2427315562684974,1.0,0.0,3.37
-0.2400095187980944,-1.2041059896392532,0.8252210390969175,1.0,1.0,3.85
0.8125637124926013,-1.9074194586943016,0.6334043108031296,1.0,1.0,3.5
-0.1690495256773728,-0.5418191396124162,1.2321835572337383,0.0,0.0,3.94
0.1502704433658716,-0.068547784394123,-1.289947208034584,0.0,1.0,2.49
0.1029637812853908,-0.1769752775401101,0.8200368031970847,1.0,1.0,3.25
0.1384437778457516,-0.9506200935006628,-1.264026028535424,1.0,1.0,2.49
0.256710433046953,-1.7066820727348402,0.464916644058585,1.0,1.0,3.35
-0.9141294534449452,1.42452810095399,-1.0151827053434823,1.0,0.0,2.49
0.5642037365700775,-0.6795513606356962,0.6515491364525412,0.0,1.0,3.4
-0.5948094844016997,-0.7747917262369006,-1.5128693517273657,0.0,0.0,3.0
-0.7840361327236227,0.0735801458107511,-0.8674319821982672,1.0,1.0,2.5
1.3565903264181296,-1.023881913193897,-0.0612832997743739,0.0,0.0,3.37
1.2264970056968083,-0.6487813963645384,-1.2588417926355913,0.0,0.0,3.4
-1.1861427604077088,0.7475888869885059,-0.1934813152200932,1.0,0.0,3.11
0.2803637640871939,0.6420918666302488,0.6230358390034655,0.0,0.0,3.86
2.1608035817863014,-1.0971437328871312,0.5815619518048085,1.0,1.0,3.1
0.3158437606475537,0.645022339417978,1.1984860238848298,1.0,0.0,3.93
0.9899636952944044,0.0442754179334574,-0.180520725470512,1.0,1.0,3.47
1.2974569988175289,-0.1579272044198691,-0.4760221717609433,1.0,0.0,2.87
0.1147904468055107,-1.3403729742686692,0.0216644746229399,0.0,0.0,2.94
-1.2216227569680695,-0.2795418251106381,-1.639883131273252,1.0,1.0,2.97
1.250150336737048,-1.4707790133226255,1.3384603931802963,0.0,0.0,4.0
-0.8786494568845843,0.3270660419493417,0.4493639363590893,0.0,0.0,3.3
-0.937782784485185,-0.6165461956995154,0.3923373414609354,0.0,0.0,3.83
-0.5711561533614599,-0.6678294694847794,-1.694317608221489,0.0,0.0,2.67
0.256710433046953,0.0530668362966459,0.9833402340417968,0.0,0.0,3.8
0.7652570504121204,-1.1352398791276133,-0.4863906435606075,0.0,0.0,3.33
1.0254436918547651,-0.6678294694847794,0.3301265106629511,0.0,0.0,3.09
1.060923688415125,-1.3301163195116166,0.3690082799116911,0.0,0.0,3.54
2.255416905947263,-0.068547784394123,-0.6315492487559057,0.0,1.0,2.8
-0.2163561877578535,-0.8656363826565118,-0.0716517715740381,0.0,1.0,3.15
-0.0862628670365322,-1.6304897802538767,-0.2556921460180786,0.0,0.0,2.77
-0.1099161980767721,-0.3103117893817959,1.0170377673907052,0.0,0.0,3.87
-1.2216227569680695,1.9241737112618469,-2.246438731553609,0.0,0.0,2.49
0.2448837675268331,0.1541681474733088,-0.5797068897575857,0.0,1.0,3.52
-0.0744362015164123,-0.4802792110700996,-1.1162753053902088,0.0,0.0,3.0
-0.2518361843182144,-0.8070269269019243,-1.059248710492055,0.0,1.0,2.49
0.1147904468055107,-1.4971532684121902,0.1797836695678192,0.0,1.0,3.27
-0.2873161808785752,1.5725169767343232,-0.8544713924486872,0.0,0.0,3.28
0.5760304020901985,1.043566638549172,-0.8259580949996103,1.0,0.0,3.33
0.3868037537682754,-0.5257015392799044,-2.246438731553609,0.0,1.0,3.35
1.084577019455366,0.0501363635089158,-0.6730231359545625,0.0,0.0,3.5
0.3394970916877946,-0.7088560885129899,0.4856535876579135,0.0,0.0,3.62
-0.5593294878413388,-1.094213260099402,-0.8933531616974284,0.0,0.0,3.14
0.1147904468055107,-0.8729625646258352,-0.4138113409629578,1.0,0.0,3.46
0.0320037881646701,-0.4436483012234825,0.1797836695678192,0.0,0.0,3.54
0.3394970916877946,0.436958771489193,-0.1468231921216035,0.0,1.0,3.37
0.6233370641706792,0.1190024740205566,0.5971146595043043,0.0,0.0,3.19
-0.1099161980767721,-0.4231349917093764,-1.774673264668887,1.0,0.0,2.86
0.0320037881646701,0.7212146318989414,0.5115747671570746,0.0,0.0,3.17
2.2081102438667832,0.1204677104144208,-0.8492871565488546,1.0,1.0,3.47
0.9426570332139236,-0.2106757145989972,0.1331255464693307,0.0,0.0,2.97
-1.954876019215521,2.401840775661734,1.027406239190369,0.0,0.0,3.52
0.1975771054463523,0.2640608770131601,0.30420533116379,1.0,0.0,3.63
0.7652570504121204,0.5395253190597209,1.2036702597846614,1.0,0.0,3.91
-0.1808761911974938,-1.1044699148564543,-0.8337344488493588,0.0,0.0,3.71
0.1147904468055107,0.4457501898523806,-0.3101266229663155,0.0,0.0,3.01
0.7534303848920005,0.4413544806707872,0.3664161619617754,0.0,0.0,3.49
0.5996837331304383,-1.280298282120217,-0.9659324642950768,0.0,0.0,3.333
-0.5120228257608581,0.176146693381279,1.0922091879382705,0.0,0.0,3.952
0.0911371157652708,0.8413640161958453,-0.533048766659096,0.0,0.0,3.611
0.5878570676103184,-0.8656363826565118,0.7630102082989321,0.0,0.0,3.722
0.8480437090529621,-0.1989538234480804,-0.3904822794137125,1.0,0.0,3.334
-1.8011293674539588,0.924882490646133,0.4752851158582493,0.0,0.0,3.778
1.1673636780962076,-0.1696490955707867,-0.3904822794137125,0.0,1.0,3.667
-0.9141294534449452,-0.5125144117351226,0.4752851158582493,0.0,0.0,3.556
0.6351637296907992,0.4149802255812227,-0.8207738590997787,1.0,1.0,3.5
0.3040170951274338,-0.6443856871829441,0.7215363211002751,1.0,0.0,3.714
0.3513237572079146,0.2948308412843188,0.9055766955443156,0.0,0.0,3.833
0.4459370813688761,-1.2612502089999764,-1.4273294593801358,0.0,1.0,3.278
-2.333329315859366,1.0933846759405716,0.7630102082989321,0.0,0.0,3.944
-0.3109695119188151,-0.3571993539854656,0.1875600234175676,1.0,0.0,3.733
0.5523770710499576,-0.0114035650334006,1.1933017879849972,0.0,0.0,3.944
1.250150336737048,0.7490541233823709,0.3301265106629511,0.0,0.0,3.944
-0.7840361327236227,-0.0377778201229651,1.1933017879849972,0.0,0.0,4.0
0.5996837331304383,-0.8773582738074286,0.4752851158582493,0.0,0.0,3.917
-0.2636628498383343,0.0823715641739396,0.7630102082989321,0.0,0.0,3.889
-0.0744362015164123,-0.7425565255718778,1.0507353007396136,0.0,0.0,3.944
0.1620971088859915,0.9703048188559376,-0.3904822794137125,0.0,0.0,2.833
1.0136170263346451,-1.3433034470563985,1.1933017879849972,0.0,0.0,3.905
-0.5001961602407382,0.8926472899811093,-0.9063137514470084,0.0,0.0,3.444
0.0438304536847901,0.1146067648389624,1.3384603931802963,0.0,0.0,3.889
-0.3819295050395367,-0.1930928778726212,1.1933017879849972,0.0,0.0,3.889
0.5642037365700775,-0.6722251786663728,1.1933017879849972,0.0,0.0,3.889
-1.8366093640143184,2.1556810614924675,1.0922091879382705,0.0,0.0,3.476
-0.2991428463986951,0.1190024740205566,-0.1027571869730308,0.0,0.0,3.778
0.0083504571244292,-1.1528227158539894,0.0424014182222683,0.0,0.0,3.667
-0.4528894981602574,-0.0421735293045585,-1.0799856540913837,0.0,0.0,3.467
-1.2807560845686703,0.9996095467332314,0.9055766955443156,0.0,0.0,3.667
0.3158437606475537,-0.8143531088712478,1.0507353007396136,0.0,0.0,3.722
-0.535676156801099,0.0838368005678037,0.3508634542622796,1.0,0.0,3.81
-0.0744362015164123,-0.5227710664921752,-0.9659324642950768,0.0,0.0,3.5
-1.4463294018503523,1.2501649700840929,-0.2453236742184144,0.0,0.0,3.733
-2.262369322738645,1.4670199563760662,-0.6782073718543953,1.0,0.0,3.611
0.2803637640871939,-0.6927384881804789,1.1933017879849972,0.0,0.0,3.889
-0.8668227913644644,-0.6443856871829441,-0.2168103767693374,1.0,0.0,3.056
0.4341104158487562,1.4699504291637953,-0.1442310741716878,1.0,0.0,3.533
0.3040170951274338,-0.8949411105338054,0.1875600234175676,0.0,0.0,3.444
-0.4410628326401374,-0.8319359455976238,0.0424014182222683,0.0,0.0,3.556
0.268537098567073,-1.689099236008464,1.3384603931802963,0.0,0.0,3.952
0.1384437778457516,-0.8260750000221646,1.3384603931802963,1.0,0.0,3.833
-0.5120228257608581,0.5922738292388491,0.6178516031036327,0.0,0.0,3.167
-0.0271295394359315,0.4076540436118993,-0.2453236742184144,0.0,0.0,3.5
-0.5593294878413388,-1.0986089692809962,-0.1027571869730308,1.0,0.0,3.667
0.3158437606475537,-0.9579462754699862,0.2264417926663088,0.0,0.0,3.778
0.8125637124926013,-0.3029856074124725,0.1875600234175676,0.0,0.0,3.611
-0.1572228601572528,-0.6854123062111555,0.5971146595043043,0.0,0.0,3.667
1.699563626501616,0.0501363635089158,0.5971146595043043,0.0,0.0,3.867
0.1975771054463523,-0.3528036448038723,-0.1027571869730308,0.0,0.0,3.722
-0.2754895153584553,-0.6194766684872446,0.9055766955443156,0.0,0.0,3.833
-1.1033561017668672,-0.0377778201229651,0.1875600234175676,0.0,0.0,2.944
-0.3582761739992958,-0.3220336805327136,1.0507353007396136,0.0,0.0,3.667
-1.2689294190485505,-0.3498731720161422,0.7630102082989321,0.0,0.0,3.611
0.4932437434493569,-0.8436578367485414,0.7215363211002751,0.0,0.0,3.714
-0.7485561361632619,-0.8612406734749175,0.1875600234175676,0.0,0.0,3.667
-0.8786494568845843,-0.2414456788701559,1.0507353007396136,0.0,0.0,3.889
-1.564596057051555,-0.3528036448038723,1.1933017879849972,0.0,0.0,3.834
-0.6539428120023004,-0.2282585513253741,-0.3904822794137125,1.0,0.0,3.778
-0.2636628498383343,-0.3337555716836312,0.8459579826962459,1.0,0.0,3.81
-0.4055828360797766,-0.4128783369523238,0.4752851158582493,1.0,0.0,3.952
0.0201771226445492,-0.3689212451363833,1.3384603931802963,0.0,0.0,4.0
-0.4292361671200175,-0.3000551346247433,0.4752851158582493,0.0,0.0,3.875
-0.133569529117013,0.4662634993664867,1.0507353007396136,0.0,0.0,3.667
0.1975771054463523,-0.8949411105338054,0.7215363211002751,0.0,0.0,3.833
0.7889103814523614,-0.4333916464664299,0.3508634542622796,0.0,0.0,3.611
1.2856303332974088,-0.7762569626307657,0.2290339106162245,0.0,0.0,3.619
1.3329369953778898,0.3768840793407406,0.7630102082989321,0.0,0.0,3.889
-0.9614361155254258,-0.7366955799964193,0.6178516031036327,0.0,0.0,3.778
-0.133569529117013,0.1409810199285269,-0.8233659770496945,0.0,0.0,3.611
-0.902302787924824,0.0911629825371272,0.3301265106629511,1.0,0.0,3.5
0.3513237572079146,-0.0993177486652817,0.9055766955443156,0.0,0.0,4.0
-1.115182767286988,0.7197493955050772,0.5971146595043043,0.0,0.0,3.762
-1.5882493880917947,0.5893433564511198,0.4752851158582493,1.0,0.0,3.778
-2.427942640020328,0.8618773257099515,-1.7720811467189712,0.0,1.0,3.467
0.6469903952109191,1.0684756572448717,0.6463649005527097,1.0,0.0,3.611
0.9781370297742844,-1.1220527515828316,0.9677875263423008,1.0,0.0,4.0
0.0911371157652708,-0.4348568828602941,-0.533048766659096,1.0,0.0,3.611
0.9426570332139236,0.1995904756831143,0.6178516031036327,1.0,0.0,3.733
1.652256964421134,-0.1476705496628164,-0.2453236742184144,0.0,0.0,3.556
0.7889103814523614,-1.0194862040123036,0.7630102082989321,0.0,0.0,3.834
1.3329369953778898,-0.9345024931681516,0.7630102082989321,0.0,0.0,3.722
0.871697040093203,-0.3557341175916015,1.1933017879849972,0.0,0.0,3.917
0.2212304364865922,0.6860489584461893,1.2140387315843255,0.0,0.0,3.905
-1.316236081129031,1.3820362455319144,-0.4967591153602717,1.0,0.0,3.333
-1.1861427604077088,-1.0824913689484843,0.3301265106629511,0.0,0.0,3.857
0.1384437778457516,0.0647887274475627,-0.533048766659096,0.0,0.0,3.556
-0.973262781045546,-1.0912827873116728,0.0424014182222683,0.0,0.0,3.444
-1.6946893777728762,-0.3015203710186083,0.1046122490202537,0.0,0.0,3.238
0.2094037709664722,-0.3703864815302483,1.1933017879849972,0.0,0.0,3.833
0.0201771226445492,-1.1718707889742304,1.0507353007396136,1.0,0.0,4.0
-0.7603828016833819,-0.4084826277707296,0.4752851158582493,0.0,0.0,3.444
0.1502704433658716,1.5754474495220523,0.127941310569498,1.0,0.0,3.625
1.3447636608980096,-0.0832001483327698,1.0507353007396136,0.0,0.0,3.889
-1.5882493880917947,-0.1549967316321399,-0.6782073718543953,0.0,0.0,3.0
-1.9430493536954,0.5644343377554204,-0.1027571869730308,0.0,0.0,3.556
-0.4055828360797766,-0.4729530291007762,0.4752851158582493,0.0,0.0,3.556
1.7350436230619757,-1.7872700743973975,1.0507353007396136,0.0,0.0,3.667
1.3802436574583703,-0.7850483809939541,0.7630102082989321,0.0,0.0,3.944
-0.7958627982437427,0.2552694586499716,-0.3904822794137125,0.0,1.0,3.267
0.3513237572079146,-1.6099764707397706,1.2140387315843255,1.0,0.0,3.905
-1.2334494224881896,-0.4553701923744002,0.2264417926663088,0.0,0.0,3.5
-1.9075693571350405,1.7849762538447016,-0.9659324642950768,0.0,0.0,3.166
1.5221636436998127,-1.038534277132544,-0.3878901614637967,0.0,0.0,3.2
0.5878570676103184,0.0208316356316221,1.1933017879849972,0.0,0.0,3.889
-0.121742863596893,-0.6473161599706733,0.0424014182222683,0.0,0.0,3.857
-1.7893027019338377,0.523407718727209,0.6178516031036327,0.0,0.0,3.556
-1.127009432807108,0.1043501100819098,0.9055766955443156,0.0,0.0,3.905
-0.2636628498383343,-0.4026216821952712,0.6178516031036327,0.0,1.0,3.722
-0.7840361327236227,-0.6136157229117853,0.7630102082989321,0.0,0.0,3.889
-0.6066361499218196,0.1644248022303614,0.9055766955443156,0.0,0.0,3.667
-2.4634226365806886,-0.1007829850591459,0.127941310569498,1.0,0.0,3.167
0.5168970744895968,-1.063443295828244,0.9081688134942312,1.0,0.0,3.944
1.084577019455366,-0.4099478641645946,0.9055766955443156,1.0,0.0,3.556
1.1318836815358466,0.1688205114119556,0.1875600234175676,0.0,0.0,3.556
-0.2873161808785752,-0.556471503551063,0.7215363211002751,0.0,0.0,3.944
-0.4410628326401374,-0.796770272144871,0.9677875263423008,0.0,0.0,4.0
-0.949609450005305,-0.0568258932432054,0.3301265106629511,0.0,0.0,3.222
-0.5829828188815798,-0.1813709867217035,0.7630102082989321,0.0,0.0,3.8
1.1082303504956057,1.2047426418742873,1.1933017879849972,0.0,0.0,3.889
0.469590412409116,-0.2854027706860965,0.6178516031036327,0.0,0.0,3.944
-1.2807560845686703,-0.2912637162615549,1.1933017879849972,0.0,0.0,3.944
-1.4226760708101125,1.184229332360182,-0.533048766659096,0.0,0.0,2.722
0.4341104158487562,-0.0480344748800178,0.7215363211002751,0.0,0.0,3.952
-2.699955946983092,-0.0919915666959583,0.9677875263423008,0.0,0.0,3.944
0.4459370813688761,0.4208411711566811,0.7630102082989321,0.0,0.0,4.0
0.9190037021736838,-0.8553797278994583,1.3384603931802963,0.0,0.0,4.0
0.0320037881646701,0.5922738292388491,1.3384603931802963,0.0,0.0,4.0
-1.0797027707266271,2.164472479855656,0.0424014182222683,1.0,0.0,3.133
-1.3753694087296318,-0.5095839389473933,0.4752851158582493,0.0,1.0,3.81
-0.121742863596893,-0.7791874354184949,-0.2660606178177428,0.0,0.0,3.714
0.4341104158487562,-1.0048338400736567,1.0507353007396136,0.0,0.0,3.667
-1.2334494224881896,-0.9491548571067986,-0.1027571869730308,0.0,0.0,3.556
-2.392462643459968,-0.2180018965683206,-1.1084989515404604,0.0,1.0,3.333
-0.736729470643142,-1.0194862040123036,0.8200368031970847,0.0,0.0,3.667
-0.6775961430425413,0.6069261931774959,0.9081688134942312,1.0,0.0,3.944
-0.902302787924824,-0.0363125837291001,-0.9659324642950768,0.0,0.0,3.167
1.4038969884986103,0.1981252392892493,0.4752851158582493,0.0,0.0,3.667
-0.5829828188815798,0.0281578176009456,1.0507353007396136,1.0,0.0,3.611
-1.564596057051555,2.401840775661734,0.3301265106629511,0.0,0.0,3.444
-0.7249028051230221,-0.1110396398161993,-0.2453236742184144,0.0,0.0,3.389
0.5996837331304383,-1.2085016988208477,0.9081688134942312,0.0,0.0,3.722
-1.4345027363302325,-0.764535071479848,-0.3878901614637967,0.0,0.0,3.222
-0.2754895153584553,0.1600290930487672,0.6178516031036327,1.0,0.0,3.611
-0.0980895325566521,0.2860394229211304,0.3275343927130342,1.0,1.0,3.56
-0.3937561705596567,0.6201133207222785,-0.709312787253388,0.0,0.0,3.3
0.5050704089694769,0.2743175317702127,-1.020366941243315,0.0,0.0,2.6
-0.0980895325566521,-0.1447400768750864,1.3384603931802963,0.0,0.0,4.0
-0.1572228601572528,0.645022339417978,-1.7202387877206502,0.0,0.0,3.2
1.3447636608980096,-1.19677980766993,-2.031292941710576,1.0,0.0,2.49
0.9544836987340436,-1.179196970943554,0.8200368031970847,0.0,0.0,4.0
0.8362170435328422,-1.1030046784625904,-0.0612832997743739,0.0,0.0,4.0
0.9426570332139236,-0.7264389252393667,1.3384603931802963,1.0,0.0,4.0
-0.6066361499218196,0.5087553547885622,-1.2536575567357595,0.0,1.0,3.2
0.2803637640871939,-0.3498731720161422,1.3384603931802963,0.0,0.0,3.4
-0.7485561361632619,-0.9769943485902272,1.3384603931802963,0.0,0.0,3.44
1.5931236368205337,-0.3908997910443536,-0.0094409407760527,0.0,0.0,3.83
0.6469903952109191,1.4655547199822012,0.7941156236979248,0.0,0.0,3.41
0.3276704261676747,0.5204772459394799,-0.6574704282550667,0.0,0.0,3.49
-1.741996039853357,-0.9110587108663164,0.1201649567197495,0.0,0.0,2.55
-0.4765428292004983,1.040636165761443,1.3384603931802963,0.0,0.0,3.81
0.67064372625116,-0.6531771055461325,-1.1240516592399572,0.0,0.0,2.73
0.1857504399262324,-0.5696586310958449,0.6126673672038012,0.0,0.0,3.06
-0.0507828704761714,-0.8451230731424056,1.3384603931802963,0.0,0.0,4.0
-1.4345027363302325,-0.3762474271057067,-2.246438731553609,0.0,0.0,2.8
0.1029637812853908,-0.4656268471314528,-2.246438731553609,0.0,0.0,2.77
0.0201771226445492,-0.7322998708148252,1.2866180341819753,0.0,0.0,4.0
0.8362170435328422,-0.4524397195866701,-0.9944457617441538,0.0,1.0,3.3
0.6115103986505582,-1.0722347141914317,-2.246438731553609,1.0,1.0,3.07
-0.1099161980767721,-0.4758835018885054,0.4571402902088377,1.0,0.0,2.6
-0.5001961602407382,-0.2018842962358096,1.3384603931802963,0.0,0.0,3.82
0.6351637296907992,0.5981347748143082,0.0942437772205895,1.0,0.0,3.46
-0.1808761911974938,0.3549055334327703,-0.5797068897575857,0.0,0.0,3.04
-0.7958627982437427,0.7285408138682649,-2.246438731553609,1.0,0.0,2.49
0.9544836987340436,-1.0971437328871312,1.3384603931802963,0.0,0.0,4.0
0.1739237744061114,1.1138979854546769,-0.6574704282550667,0.0,0.0,3.59
-0.973262781045546,0.4897072816683211,-2.246438731553609,0.0,0.0,3.08
0.3394970916877946,1.4538328288312834,0.7422732646996035,0.0,0.0,3.25
0.9071770366535628,0.5996000112081724,-1.4869481722282043,0.0,0.0,2.61
0.05565711920491,-0.7733264898430364,-1.435105813229883,0.0,0.0,3.06
0.5168970744895968,-0.4128783369523238,-0.709312787253388,0.0,0.0,4.0
-1.777476036413718,-1.4868966136551376,-0.2168103767693374,0.0,0.0,3.6
0.4104570848085153,-0.2326542605069675,-2.246438731553609,0.0,0.0,2.49
-0.5001961602407382,0.7915459788044464,0.8718791621954058,0.0,0.0,3.78
0.9899636952944044,0.7519845961701,-1.0722093002416362,0.0,0.0,2.49
3.485390120039763,-0.6326637960320265,0.0164802387231083,0.0,0.0,3.6
0.2094037709664722,-1.010694785649115,1.3384603931802963,0.0,0.0,4.0
0.7889103814523614,1.1138979854546769,-0.1908891972701762,0.0,0.0,3.19
-0.0034762083956906,-0.6355942688197557,-0.7352339667525479,0.0,0.0,3.36
0.68247039177128,0.9043691811320268,-1.2536575567357595,0.0,0.0,3.38
-0.3582761739992958,0.3871407340977932,1.3384603931802963,0.0,0.0,3.56
-0.4292361671200175,0.0530668362966459,0.7941156236979248,0.0,0.0,3.17
-0.3819295050395367,-0.0187297470027241,1.3384603931802963,0.0,0.0,4.0
-0.523849491280979,0.8018026335614991,0.7163520852004424,0.0,0.0,3.38
1.1673636780962076,-1.1748012617619596,0.7941156236979248,0.0,0.0,3.18
-1.2097960914479498,1.4230628645601255,-2.246438731553609,0.0,0.0,2.67
-0.5120228257608581,-1.1044699148564543,-0.4760221717609433,1.0,0.0,2.94
1.3092836643376498,-0.4539049559805351,0.58674618770464,0.0,0.0,3.77
0.9190037021736838,-1.1513574794601251,0.58674618770464,1.0,0.0,3.79
-1.9075693571350405,1.0025400195209606,-2.246438731553609,1.0,0.0,3.0
-0.0744362015164123,-0.7000646701498022,-2.246438731553609,1.0,0.0,2.76
-0.2991428463986951,2.089745423768557,-2.1608988392063795,1.0,0.0,3.53
-1.0442227741662664,2.401840775661734,0.2238496747163919,0.0,0.0,3.07
-2.0731426744167223,0.3959321524609817,0.7422732646996035,0.0,0.0,2.78
1.5812969713004137,-0.745486998359607,1.3384603931802963,0.0,0.0,4.0
0.5405504055298377,-0.7352303436025543,0.7941156236979248,0.0,0.0,4.0
-0.736729470643142,-0.3645255359547891,-0.8389186847491903,0.0,1.0,3.56
0.8835237056133229,0.4003278616425759,1.3384603931802963,0.0,0.0,4.0
-0.2991428463986951,0.9761657644313968,0.8718791621954058,0.0,0.0,3.76
0.469590412409116,2.401840775661734,-0.7352339667525479,0.0,0.0,2.49
-1.0205694431260266,0.2508737494683782,1.3384603931802963,0.0,0.0,4.0
-0.5829828188815798,2.390118884510817,-1.2536575567357595,0.0,0.0,3.75
-0.6775961430425413,1.4596937744067426,-2.238662377703861,0.0,0.0,2.49
-1.8484360295344395,2.177659607400438,-2.246438731553609,1.0,1.0,2.98
-0.121742863596893,0.2025209484708435,-0.5019433512601033,0.0,0.0,3.51
-0.535676156801099,0.1160720012328266,0.8200368031970847,1.0,0.0,3.22
-0.0744362015164123,-0.3059160802002017,0.8459579826962459,0.0,0.0,3.6
0.3158437606475537,0.3431836422818527,0.0164802387231083,0.0,0.0,3.54
-0.6184628154419406,1.5256294121306535,0.6126673672038012,1.0,0.0,3.81
-0.0626095359962913,2.088280187374692,0.3275343927130342,0.0,0.0,3.38
0.9071770366535628,-0.4363221192541591,0.8200368031970847,0.0,0.0,4.0
-0.9614361155254258,0.5527124466045027,-0.2168103767693374,0.0,0.0,3.19
0.3040170951274338,-0.5257015392799044,0.7163520852004424,0.0,0.0,3.55
-1.0797027707266271,1.0494275841246312,0.7163520852004424,0.0,0.0,3.8
0.2803637640871939,0.1365853107469327,-1.4869481722282043,0.0,0.0,3.4
0.4932437434493569,0.2611304042254309,0.9755638801920482,0.0,0.0,3.28
-0.7249028051230221,0.3329269875248001,-1.0722093002416362,1.0,0.0,2.49
-1.1624894293674688,-0.5007925205842049,-0.1390468382718551,0.0,1.0,3.21
-2.5698626262617696,1.7146449069391974,-1.3054999157340808,0.0,0.0,3.56
-1.6355560501722757,1.2076731146620163,0.3275343927130342,0.0,0.0,3.49
-0.8786494568845843,0.5673648105431496,-2.246438731553609,0.0,0.0,3.5
0.8835237056133229,2.401840775661734,-0.0612832997743739,0.0,0.0,3.5
0.3868037537682754,-0.1872319322971628,-1.435105813229883,0.0,0.0,3.57
-0.2754895153584553,1.9783874578348408,-1.2536575567357595,0.0,0.0,3.6
0.0320037881646701,0.6655356489320833,-0.2427315562684974,0.0,0.0,3.6
1.250150336737048,-1.061978059434379,0.2238496747163919,0.0,0.0,2.6
0.0674837847250299,1.897799456172283,-1.8757658647156137,1.0,0.0,3.23
0.7061237228115198,0.924882490646133,-2.246438731553609,0.0,0.0,2.49
-0.949609450005305,1.1270851129994588,-0.2427315562684974,0.0,0.0,3.8
0.1029637812853908,-0.7000646701498022,-0.0353621202752127,0.0,0.0,3.0
-1.2097960914479498,2.401840775661734,-0.5537857102584245,0.0,0.0,3.03
-1.9075693571350405,1.0655451844571422,-0.5278645307592644,1.0,0.0,2.49
0.3158437606475537,-0.1506010224505456,-1.357342274732402,0.0,0.0,3.28
-2.0494893433764823,-0.0260559289720475,1.3384603931802963,0.0,0.0,3.77
-1.3990227397698716,-0.4055521549830004,-0.6056280692567456,0.0,0.0,3.4
-0.2518361843182144,-0.8202140544467063,-0.8129975052500303,0.0,0.0,3.05
-0.6894228085626612,0.6406266302363838,-1.2536575567357595,0.0,0.0,3.41
-0.7130761396029022,0.4970334636376445,0.0942437772205895,0.0,0.0,3.26
-1.316236081129031,0.627439502691602,0.1979284952172318,0.0,0.0,2.98
0.0438304536847901,-0.5594019763387923,-2.1090564802080585,0.0,0.0,3.13
0.0674837847250299,0.3475793514634469,0.6645097262021223,0.0,0.0,3.39
0.8125637124926013,2.2758304457893708,-2.246438731553609,1.0,1.0,2.49
0.0201771226445492,-0.2546328064149378,-0.3464162742651397,1.0,0.0,3.38
-0.3819295050395367,0.9336739090093206,-0.709312787253388,0.0,0.0,2.49
-0.4410628326401374,0.9453958001602384,-0.0353621202752127,0.0,0.0,3.29
-0.3819295050395367,1.4655547199822012,-0.5019433512601033,0.0,1.0,2.49
0.9663103642541644,-0.2018842962358096,0.58674618770464,1.0,0.0,2.83
0.4814170779292369,0.4076540436118993,-1.5128693517273657,0.0,0.0,3.36
-0.6184628154419406,1.795232908601755,1.3384603931802963,0.0,0.0,4.0
0.0438304536847901,2.3974450664801408,-2.246438731553609,1.0,0.0,2.49
1.3565903264181296,2.401840775661734,-1.668396428722329,0.0,0.0,3.12
-0.7485561361632619,0.6919099040216478,-0.2168103767693374,0.0,1.0,3.69
-0.7249028051230221,0.3241355691616124,0.7941156236979248,0.0,0.0,4.0
-0.1690495256773728,1.4084105006214789,-0.709312787253388,0.0,1.0,2.6
-0.1453961946371329,0.7461236505946409,-0.3982586332634609,0.0,0.0,3.74
-0.1690495256773728,0.6743270672952717,-0.5019433512601033,0.0,1.0,2.87
-0.902302787924824,0.1629595658364972,0.0424014182222683,0.0,0.0,3.51
1.1200570160157268,0.3930016796732525,0.7941156236979248,0.0,0.0,3.5
-0.7130761396029022,-0.0172645106088591,0.6645097262021223,0.0,0.0,3.48
0.9544836987340436,-1.224619299153359,0.6645097262021223,0.0,0.0,3.74
0.6588170607310391,-0.6722251786663728,-0.1131256587726951,0.0,0.0,3.61
-0.7249028051230221,0.8149897611062817,0.3534555722121953,0.0,0.0,3.81
-1.8484360295344395,0.4999639364253745,-0.6833916077542268,0.0,0.0,2.49
0.0083504571244292,0.158563856654903,1.3384603931802963,0.0,0.0,4.0
